{
  "meta": {
    "script": "benchmark_gpu_decode.py",
    "wsi": "data/S114-82742C-Her2(4B5) 20x.tiff",
    "patch_size": 1024,
    "stride": 1024,
    "iterations": 1,
    "warmup": true,
    "timestamp": "20260613_203631"
  },
  "results": {
    "v0a_mono": {
      "min": 51.052969866999774,
      "mean": 51.052969866999774,
      "std": 0.0,
      "max": 51.052969866999774,
      "times": [
        51.052969866999774
      ],
      "kernel_times": [],
      "n_candidates": 4949,
      "n_kept": 2171,
      "throughput": 96.9385329177293,
      "peak_gpu_bytes": 0
    },
    "v0b_multi": {
      "min": 8.788318536000588,
      "mean": 8.788318536000588,
      "std": 0.0,
      "max": 8.788318536000588,
      "times": [
        8.788318536000588
      ],
      "kernel_times": [],
      "n_candidates": 4949,
      "n_kept": 2171,
      "throughput": 563.1338895747632,
      "peak_gpu_bytes": 0
    },
    "v8_4060": {
      "min": 7.92948468999748,
      "mean": 7.92948468999748,
      "std": 0.0,
      "max": 7.92948468999748,
      "times": [
        7.92948468999748
      ],
      "kernel_times": [
        0.3303118724822999
      ],
      "n_candidates": 4949,
      "n_kept": 2171,
      "throughput": 624.1263075068215,
      "peak_gpu_bytes": 2147500544
    },
    "v11_gpudec": {
      "min": 5.677257257000747,
      "mean": 5.677257257000747,
      "std": 0.0,
      "max": 5.677257257000747,
      "times": [
        5.677257257000747
      ],
      "kernel_times": [
        0.25172438621521
      ],
      "n_candidates": 4949,
      "n_kept": 2173,
      "throughput": 871.7237525034263,
      "peak_gpu_bytes": 3758129152
    },
    "v12_dec_mono": {
      "min": 5.034800036002707,
      "mean": 5.034800036002707,
      "std": 0.0,
      "max": 5.034800036002707,
      "times": [
        5.034800036002707
      ],
      "kernel_times": [
        0.24662015914916993
      ],
      "n_candidates": 4949,
      "n_kept": 2173,
      "throughput": 982.9586010587966,
      "peak_gpu_bytes": 3758129152
    },
    "v13_dec_multi": {
      "min": 5.5025764719976,
      "mean": 5.5025764719976,
      "std": 0.0,
      "max": 5.5025764719976,
      "times": [
        5.5025764719976
      ],
      "kernel_times": [
        0.24920243453979493
      ],
      "n_candidates": 4949,
      "n_kept": 2173,
      "throughput": 899.3968598501576,
      "peak_gpu_bytes": 3758129152
    },
    "v14_cmp_mono": {
      "min": 4.8324769499995455,
      "mean": 4.8324769499995455,
      "std": 0.0,
      "max": 4.8324769499995455,
      "times": [
        4.8324769499995455
      ],
      "kernel_times": [
        0.22595571351051333
      ],
      "n_candidates": 4949,
      "n_kept": 2171,
      "throughput": 1024.1124895588928,
      "peak_gpu_bytes": 805325824
    },
    "v15_cmp_multi": {
      "min": 5.189860835002037,
      "mean": 5.189860835002037,
      "std": 0.0,
      "max": 5.189860835002037,
      "times": [
        5.189860835002037
      ],
      "kernel_times": [
        0.226617791891098
      ],
      "n_candidates": 4949,
      "n_kept": 2171,
      "throughput": 953.5901168336545,
      "peak_gpu_bytes": 805325824
    },
    "v16_opt_mono": {
      "min": 2.9233297549981216,
      "mean": 2.9233297549981216,
      "std": 0.0,
      "max": 2.9233297549981216,
      "times": [
        2.9233297549981216
      ],
      "kernel_times": [
        0.0
      ],
      "n_candidates": 4949,
      "n_kept": 2171,
      "throughput": 1692.9325169487013,
      "peak_gpu_bytes": 0
    },
    "v17_opt_multi": {
      "min": 3.3964120450000337,
      "mean": 3.3964120450000337,
      "std": 0.0,
      "max": 3.3964120450000337,
      "times": [
        3.3964120450000337
      ],
      "kernel_times": [
        0.0
      ],
      "n_candidates": 4949,
      "n_kept": 2171,
      "throughput": 1457.1259124126534,
      "peak_gpu_bytes": 0
    },
    "v18_ult_mono": {
      "min": 3.0203914960002294,
      "mean": 3.0203914960002294,
      "std": 0.0,
      "max": 3.0203914960002294,
      "times": [
        3.0203914960002294
      ],
      "kernel_times": [
        0.0
      ],
      "n_candidates": 4949,
      "n_kept": 2171,
      "throughput": 1638.5293120291662,
      "peak_gpu_bytes": 4026728448
    },
    "v19_ult_multi": {
      "min": 3.405113689001155,
      "mean": 3.405113689001155,
      "std": 0.0,
      "max": 3.405113689001155,
      "times": [
        3.405113689001155
      ],
      "kernel_times": [
        0.0
      ],
      "n_candidates": 4949,
      "n_kept": 2171,
      "throughput": 1453.4022802192321,
      "peak_gpu_bytes": 4026728448
    },
    "v20_ult_pread": {
      "min": 3.333851790001063,
      "mean": 3.333851790001063,
      "std": 0.0,
      "max": 3.333851790001063,
      "times": [
        3.333851790001063
      ],
      "kernel_times": [
        0.0
      ],
      "n_candidates": 4949,
      "n_kept": 2171,
      "throughput": 1484.4691101275448,
      "peak_gpu_bytes": 4026728448
    },
    "v21_ult_pipe": {
      "min": 3.361550426001486,
      "mean": 3.361550426001486,
      "std": 0.0,
      "max": 3.361550426001486,
      "times": [
        3.361550426001486
      ],
      "kernel_times": [
        0.0
      ],
      "n_candidates": 4949,
      "n_kept": 2171,
      "throughput": 1472.2373229089892,
      "peak_gpu_bytes": 4026728448
    },
    "v22_par_destuff": {
      "min": 2.8088532670008135,
      "mean": 2.8088532670008135,
      "std": 0.0,
      "max": 2.8088532670008135,
      "times": [
        2.8088532670008135
      ],
      "kernel_times": [
        0.0
      ],
      "n_candidates": 4949,
      "n_kept": 2171,
      "throughput": 1761.9289900765637,
      "peak_gpu_bytes": 4026728448
    },
    "v24_dec_v2": {
      "min": 3.1709657320025144,
      "mean": 3.1709657320025144,
      "std": 0.0,
      "max": 3.1709657320025144,
      "times": [
        3.1709657320025144
      ],
      "kernel_times": [
        3.0798814239501953
      ],
      "n_candidates": 4949,
      "n_kept": 2171,
      "throughput": 1560.7232680104144,
      "peak_gpu_bytes": 0
    },
    "v25_dec_v3": {
      "min": 2.94299890199909,
      "mean": 2.94299890199909,
      "std": 0.0,
      "max": 2.94299890199909,
      "times": [
        2.94299890199909
      ],
      "kernel_times": [
        2.8490905609130857
      ],
      "n_candidates": 4949,
      "n_kept": 2171,
      "throughput": 1681.618024606905,
      "peak_gpu_bytes": 0
    },
    "v26_dec_v4": {
      "min": 2.9762334910010395,
      "mean": 2.9762334910010395,
      "std": 0.0,
      "max": 2.9762334910010395,
      "times": [
        2.9762334910010395
      ],
      "kernel_times": [
        2.837300735473633
      ],
      "n_candidates": 4949,
      "n_kept": 2171,
      "throughput": 1662.8399670132842,
      "peak_gpu_bytes": 0
    },
    "v27_dec_v5": {
      "min": 2.9608536010018724,
      "mean": 2.9608536010018724,
      "std": 0.0,
      "max": 2.9608536010018724,
      "times": [
        2.9608536010018724
      ],
      "kernel_times": [
        0.0
      ],
      "n_candidates": 4949,
      "n_kept": 2171,
      "throughput": 1671.4774409397996,
      "peak_gpu_bytes": 4026728448
    },
    "v28_dec_v6": {
      "min": 3.078283849001309,
      "mean": 3.078283849001309,
      "std": 0.0,
      "max": 3.078283849001309,
      "times": [
        3.078283849001309
      ],
      "kernel_times": [
        2.861212310791016
      ],
      "n_candidates": 4949,
      "n_kept": 2171,
      "throughput": 1607.7139870014291,
      "peak_gpu_bytes": 1175344128
    },
    "v29_dec_v7": {
      "min": 3.646271338002407,
      "mean": 3.646271338002407,
      "std": 0.0,
      "max": 3.646271338002407,
      "times": [
        3.646271338002407
      ],
      "kernel_times": [
        3.504908134460449
      ],
      "n_candidates": 4949,
      "n_kept": 2171,
      "throughput": 1357.2769388882855,
      "peak_gpu_bytes": 0
    },